title,videoId,viewCount,likeCount,dislikeCount,commentCount,favoriteCount
THE SIDEMEN LOSE THEIR HEADS ON GTA 5...,l3iDrxLneKM,1239659,269475,468,2776,0
"SIDEMEN $10,000 VS $100 HOTEL",M71Zo0CGbAo,8642039,475282,3959,28463,0
Most Oddly Satisfying To Watch TikToks!,bl1VHAGfN3U,708247,58331,639,2405,0
SIDEMEN VS ARSENAL WOMENS TEAM,rjZxS_oivrU,7836724,466745,3551,25737,0
SIDEMEN TINDER IN REAL LIFE 3,KF8I09WBtEI,32757002,1278468,14240,75756,0
"SIDEMEN $10,000 vs $100 MUKBANG",UkwS_Ju3njI,8723389,354603,3938,16377,0
"SIDEMEN IMPOSSIBLE $100,000 FOOTGOLF CHALLENGE",Etu_3PGEeX4,6638103,289488,4382,13859,0
SIDEMEN ARE YOU SMARTER THAN A 10 YEAR OLD,6ZCtuKvBYcw,8478233,389437,4084,21437,0
SIDEMENS GOT TALENT,-SNXrJDkftY,9688156,501821,4646,35961,0
"SIDEMEN $50,000 A-Z DRINKING CHALLENGE (GONE WRONG)",NSu-QVtpvIc,8643424,413808,2834,18257,0
20 WOMEN VS 1 SIDEMEN: HARRY EDITION,VYEtNWp5VgA,16397558,952147,5243,66019,0
SIDEMEN EAT FOOD FROM DIFFERENT COUNTRIES 24 HOURS CHALLENGE,dKfCiy876eE,12303213,424803,5114,27121,0
"SIDEMEN HAVE 5 MINUTES TO SPEND $100,000",mevxWTQwEa8,15349584,610499,5932,24929,0
SIDEMEN ALL SPORTS GOLF BATTLE,OVStLXNdA6E,7582935,365648,3852,15405,0
SIDEMEN GUESS THE MILLIONAIRE,8zSY6zYILVY,6019367,321638,2461,11166,0
SIDEMEN TINDER IN REAL LIFE (YOUTUBE EDITION),ex1iFyfLUTM,46935272,1420243,22414,62003,0
SIDEMEN CRYSTAL MAZE,ujmxP-GxGek,6623519,331397,5012,13706,0
SIDEMEN BIG FAT QUIZ OF THE YEAR 2020,Bm2We_p5Mzo,9215494,366431,5179,14302,0
SIDEMEN MOST WEIGHT LOST IN 24 HOURS CHALLENGE,Da1XQVbwwXQ,6204625,281317,2700,14705,0
SIDEMEN HIGHER OR LOWER (Sidemen Sundays),o4HCb-_J9ZI,1751374,96333,609,2969,0
SIDEMEN DRAGONS DEN (SHARK TANK),DVLUOpyshLU,10223801,421409,5973,29641,0
SIDEMEN HIDE &amp; SEEK IN A DUNGEON,9NLjHE_vP4A,6127643,346451,2646,13047,0
